,mac_ind
0,"[[[220 177 141 255]
  [220 176 141 255]
  [220 176 141 255]
  ...
  [217 171 138 255]
  [216 170 137 255]
  [216 170 137 255]]

 [[220 177 140 255]
  [220 176 141 255]
  [220 176 141 255]
  ...
  [217 171 138 255]
  [216 170 137 255]
  [216 170 137 255]]

 [[220 176 140 255]
  [220 176 141 255]
  [220 176 141 255]
  ...
  [217 171 138 255]
  [216 170 137 255]
  [216 170 137 255]]

 ...

 [[216 172 138 255]
  [216 172 138 255]
  [216 172 138 255]
  ...
  [213 167 137 255]
  [213 167 137 255]
  [213 167 137 255]]

 [[216 172 138 255]
  [216 172 138 255]
  [216 172 138 255]
  ...
  [213 167 137 255]
  [213 167 137 255]
  [213 167 137 255]]

 [[216 172 138 255]
  [216 172 138 255]
  [216 172 138 255]
  ...
  [213 167 137 255]
  [213 167 137 255]
  [213 167 137 255]]]"
1,"[[[219 178 137 255]
  [219 178 137 255]
  [219 178 137 255]
  ...
  [214 175 136 255]
  [214 175 136 255]
  [214 175 136 255]]

 [[219 178 137 255]
  [219 178 137 255]
  [219 178 137 255]
  ...
  [214 175 136 255]
  [214 175 136 255]
  [214 175 136 255]]

 [[219 178 137 255]
  [219 178 137 255]
  [219 178 137 255]
  ...
  [214 175 136 255]
  [214 175 136 255]
  [214 175 136 255]]

 ...

 [[217 176 135 255]
  [217 176 135 255]
  [217 176 135 255]
  ...
  [213 174 135 255]
  [213 174 135 255]
  [213 174 135 255]]

 [[217 176 135 255]
  [217 176 135 255]
  [217 176 135 255]
  ...
  [213 174 135 255]
  [213 174 135 255]
  [213 174 135 255]]

 [[217 176 135 255]
  [217 176 135 255]
  [217 176 135 255]
  ...
  [213 174 135 255]
  [213 174 135 255]
  [213 174 135 255]]]"
2,"[[[200 160 114 255]
  [200 160 114 255]
  [200 160 114 255]
  ...
  [198 158 112 255]
  [198 158 112 255]
  [198 158 112 255]]

 [[200 160 114 255]
  [200 160 114 255]
  [200 160 114 255]
  ...
  [198 158 112 255]
  [198 158 112 255]
  [198 158 112 255]]

 [[200 160 114 255]
  [200 160 114 255]
  [200 160 114 255]
  ...
  [198 158 112 255]
  [198 158 112 255]
  [198 158 112 255]]

 ...

 [[199 159 113 255]
  [199 159 113 255]
  [199 159 113 255]
  ...
  [198 158 111 255]
  [198 158 111 255]
  [198 158 111 255]]

 [[199 159 113 255]
  [199 159 113 255]
  [199 159 113 255]
  ...
  [198 158 111 255]
  [198 158 111 255]
  [198 158 111 255]]

 [[199 159 113 255]
  [199 159 113 255]
  [199 159 113 255]
  ...
  [198 158 111 255]
  [198 158 111 255]
  [198 158 111 255]]]"
3,"[[[211 160 123 255]
  [211 160 123 255]
  [211 160 123 255]
  ...
  [215 160 117 255]
  [215 160 117 255]
  [215 160 117 255]]

 [[211 160 123 255]
  [211 160 123 255]
  [211 160 123 255]
  ...
  [215 160 117 255]
  [215 160 117 255]
  [215 160 117 255]]

 [[211 160 123 255]
  [211 160 123 255]
  [211 160 123 255]
  ...
  [215 160 117 255]
  [215 160 117 255]
  [215 160 117 255]]

 ...

 [[212 159 121 255]
  [212 159 120 255]
  [212 159 120 255]
  ...
  [215 159 119 255]
  [215 159 119 255]
  [215 159 119 255]]

 [[212 159 121 255]
  [212 159 120 255]
  [212 159 120 255]
  ...
  [215 159 119 255]
  [215 159 119 255]
  [215 159 119 255]]

 [[212 159 121 255]
  [212 159 120 255]
  [212 159 120 255]
  ...
  [215 159 119 255]
  [215 159 119 255]
  [215 159 119 255]]]"
4,"[[[208 154 113 255]
  [208 154 113 255]
  [208 154 113 255]
  ...
  [208 150 110 255]
  [207 149 109 255]
  [211 153 113 255]]

 [[208 154 113 255]
  [208 154 113 255]
  [208 154 113 255]
  ...
  [208 150 110 255]
  [207 149 109 255]
  [210 152 112 255]]

 [[208 154 113 255]
  [208 154 113 255]
  [208 154 113 255]
  ...
  [209 151 111 255]
  [207 149 109 255]
  [209 151 111 255]]

 ...

 [[210 152 112 255]
  [211 153 113 255]
  [212 154 114 255]
  ...
  [211 152 111 255]
  [211 152 111 255]
  [211 152 111 255]]

 [[210 152 112 255]
  [211 153 113 255]
  [211 153 114 255]
  ...
  [212 153 110 255]
  [212 153 110 255]
  [212 153 110 255]]

 [[210 152 112 255]
  [211 153 113 255]
  [211 153 114 255]
  ...
  [212 153 110 255]
  [212 153 110 255]
  [212 153 110 255]]]"
5,"[[[224 186 158 255]
  [224 186 158 255]
  [224 186 158 255]
  ...
  [225 185 160 255]
  [225 185 160 255]
  [225 185 160 255]]

 [[224 186 158 255]
  [224 186 158 255]
  [224 186 158 255]
  ...
  [225 185 160 255]
  [225 185 160 255]
  [225 185 160 255]]

 [[223 185 157 255]
  [223 185 157 255]
  [224 186 158 255]
  ...
  [225 185 160 255]
  [225 185 160 255]
  [225 185 160 255]]

 ...

 [[221 181 154 255]
  [221 181 154 255]
  [222 182 155 255]
  ...
  [226 185 157 255]
  [226 185 157 255]
  [226 185 157 255]]

 [[221 181 154 255]
  [221 181 154 255]
  [222 182 155 255]
  ...
  [226 185 157 255]
  [226 185 157 255]
  [226 185 157 255]]

 [[221 181 154 255]
  [221 181 154 255]
  [222 182 155 255]
  ...
  [226 185 157 255]
  [226 185 157 255]
  [226 185 157 255]]]"
6,"[[[225 189 160 255]
  [225 189 160 255]
  [225 189 160 255]
  ...
  [225 187 159 255]
  [225 187 159 255]
  [225 187 159 255]]

 [[225 189 160 255]
  [225 189 160 255]
  [225 189 160 255]
  ...
  [225 187 159 255]
  [225 187 159 255]
  [225 187 159 255]]

 [[225 189 160 255]
  [225 189 160 255]
  [225 189 160 255]
  ...
  [225 187 159 255]
  [225 187 159 255]
  [225 187 159 255]]

 ...

 [[227 187 160 255]
  [227 187 160 255]
  [227 187 160 255]
  ...
  [227 188 159 255]
  [227 188 159 255]
  [227 188 159 255]]

 [[226 186 159 255]
  [226 186 159 255]
  [226 186 159 255]
  ...
  [228 189 160 255]
  [228 189 160 255]
  [228 189 160 255]]

 [[226 186 159 255]
  [226 186 159 255]
  [226 186 159 255]
  ...
  [228 189 160 255]
  [228 189 160 255]
  [228 189 160 255]]]"
7,"[[[213 162 125 255]
  [213 162 125 255]
  [213 162 125 255]
  ...
  [205 155 120 255]
  [205 155 119 255]
  [204 154 118 255]]

 [[213 162 125 255]
  [213 162 125 255]
  [213 162 125 255]
  ...
  [206 156 120 255]
  [205 155 119 255]
  [205 155 119 255]]

 [[213 162 125 255]
  [213 162 125 255]
  [213 162 125 255]
  ...
  [207 155 120 255]
  [206 155 119 255]
  [205 155 119 255]]

 ...

 [[209 160 125 255]
  [209 160 125 255]
  [209 160 125 255]
  ...
  [209 157 122 255]
  [209 157 122 255]
  [210 158 121 255]]

 [[208 159 126 255]
  [208 159 126 255]
  [208 159 126 255]
  ...
  [208 158 122 255]
  [209 157 122 255]
  [209 157 122 255]]

 [[208 159 126 255]
  [208 159 126 255]
  [208 159 126 255]
  ...
  [208 158 122 255]
  [209 157 122 255]
  [209 157 122 255]]]"
8,"[[[222 174 138 255]
  [222 173 138 255]
  [221 172 139 255]
  ...
  [213 169 136 255]
  [212 168 135 255]
  [213 169 137 255]]

 [[222 174 138 255]
  [222 173 138 255]
  [221 172 139 255]
  ...
  [212 168 135 255]
  [213 169 136 255]
  [212 168 135 255]]

 [[222 174 138 255]
  [222 173 138 255]
  [221 172 139 255]
  ...
  [212 167 134 255]
  [212 167 134 255]
  [212 167 134 255]]

 ...

 [[221 174 138 255]
  [221 174 138 255]
  [222 175 139 255]
  ...
  [218 171 138 255]
  [218 171 138 255]
  [218 171 138 255]]

 [[221 174 138 255]
  [221 174 138 255]
  [222 175 139 255]
  ...
  [218 171 138 255]
  [218 171 138 255]
  [218 171 138 255]]

 [[221 174 138 255]
  [222 175 139 255]
  [222 175 139 255]
  ...
  [218 171 138 255]
  [218 171 138 255]
  [218 171 138 255]]]"
9,"[[[224 191 167 255]
  [224 191 167 255]
  [224 191 167 255]
  ...
  [223 191 166 255]
  [223 191 166 255]
  [223 191 166 255]]

 [[224 191 167 255]
  [224 191 167 255]
  [224 191 167 255]
  ...
  [223 191 166 255]
  [223 191 166 255]
  [223 191 166 255]]

 [[224 191 167 255]
  [224 191 167 255]
  [224 191 167 255]
  ...
  [223 191 166 255]
  [223 191 166 255]
  [223 191 166 255]]

 ...

 [[224 192 166 255]
  [224 192 166 255]
  [224 192 166 255]
  ...
  [223 190 166 255]
  [223 190 166 255]
  [223 190 166 255]]

 [[224 192 166 255]
  [224 192 166 255]
  [224 192 166 255]
  ...
  [223 190 166 255]
  [223 190 166 255]
  [223 190 166 255]]

 [[224 192 166 255]
  [224 192 166 255]
  [224 192 166 255]
  ...
  [223 190 166 255]
  [223 190 166 255]
  [223 190 166 255]]]"
10,"[[[220 183 146 255]
  [220 183 146 255]
  [220 183 146 255]
  ...
  [220 181 142 255]
  [220 181 142 255]
  [220 181 142 255]]

 [[220 183 146 255]
  [220 183 146 255]
  [220 183 146 255]
  ...
  [220 181 142 255]
  [220 181 142 255]
  [220 181 142 255]]

 [[220 183 146 255]
  [220 183 146 255]
  [220 183 146 255]
  ...
  [220 181 142 255]
  [220 181 142 255]
  [220 181 142 255]]

 ...

 [[220 183 146 255]
  [220 183 146 255]
  [220 183 146 255]
  ...
  [221 182 143 255]
  [221 182 143 255]
  [221 182 143 255]]

 [[220 183 146 255]
  [220 183 146 255]
  [220 183 146 255]
  ...
  [221 182 143 255]
  [221 182 143 255]
  [221 182 143 255]]

 [[220 183 146 255]
  [220 183 146 255]
  [220 183 146 255]
  ...
  [221 182 143 255]
  [221 182 143 255]
  [221 182 143 255]]]"
11,"[[[220 181 144 255]
  [220 181 144 255]
  [220 181 144 255]
  ...
  [215 179 138 255]
  [215 179 138 255]
  [215 179 138 255]]

 [[219 181 142 255]
  [219 181 142 255]
  [219 181 142 255]
  ...
  [215 179 138 255]
  [215 179 138 255]
  [215 179 138 255]]

 [[219 181 141 255]
  [219 181 141 255]
  [219 181 141 255]
  ...
  [215 179 138 255]
  [215 179 138 255]
  [215 179 138 255]]

 ...

 [[215 178 140 255]
  [215 178 140 255]
  [215 178 140 255]
  ...
  [214 177 139 255]
  [214 177 139 255]
  [214 177 139 255]]

 [[215 178 140 255]
  [215 178 140 255]
  [215 178 140 255]
  ...
  [214 177 139 255]
  [214 177 139 255]
  [214 177 139 255]]

 [[215 178 140 255]
  [215 178 140 255]
  [215 178 140 255]
  ...
  [214 177 139 255]
  [214 177 139 255]
  [214 177 139 255]]]"
12,"[[[215 183 153 255]
  [215 183 153 255]
  [215 183 153 255]
  ...
  [217 183 153 255]
  [217 183 153 255]
  [217 183 153 255]]

 [[215 183 153 255]
  [215 183 153 255]
  [215 183 153 255]
  ...
  [217 183 153 255]
  [217 183 153 255]
  [217 183 153 255]]

 [[215 183 153 255]
  [215 183 153 255]
  [215 183 153 255]
  ...
  [217 183 153 255]
  [217 183 153 255]
  [217 183 153 255]]

 ...

 [[216 182 152 255]
  [216 182 152 255]
  [216 182 152 255]
  ...
  [216 182 151 255]
  [216 182 151 255]
  [216 182 151 255]]

 [[216 182 152 255]
  [216 182 152 255]
  [216 182 152 255]
  ...
  [216 182 151 255]
  [216 182 151 255]
  [216 182 151 255]]

 [[216 182 152 255]
  [216 182 152 255]
  [216 182 152 255]
  ...
  [216 182 151 255]
  [216 182 151 255]
  [216 182 151 255]]]"
13,"[[[210 167 129 255]
  [211 168 130 255]
  [211 168 130 255]
  ...
  [214 169 130 255]
  [215 170 131 255]
  [215 170 131 255]]

 [[210 167 129 255]
  [211 168 130 255]
  [211 168 130 255]
  ...
  [215 170 131 255]
  [215 170 131 255]
  [215 170 131 255]]

 [[210 167 129 255]
  [211 168 130 255]
  [211 168 130 255]
  ...
  [214 169 130 255]
  [214 169 130 255]
  [214 169 130 255]]

 ...

 [[209 167 129 255]
  [209 167 129 255]
  [209 167 129 255]
  ...
  [211 166 127 255]
  [211 166 127 255]
  [211 166 127 255]]

 [[209 167 129 255]
  [209 167 129 255]
  [209 167 129 255]
  ...
  [211 166 127 255]
  [211 166 127 255]
  [211 166 127 255]]

 [[209 167 129 255]
  [209 167 129 255]
  [209 167 129 255]
  ...
  [211 166 127 255]
  [211 166 127 255]
  [211 166 127 255]]]"
14,"[[[224 173 133 255]
  [224 173 133 255]
  [224 173 133 255]
  ...
  [226 176 134 255]
  [226 176 134 255]
  [226 176 134 255]]

 [[224 173 133 255]
  [224 173 133 255]
  [224 173 133 255]
  ...
  [226 176 134 255]
  [226 176 134 255]
  [226 176 134 255]]

 [[224 173 133 255]
  [224 173 133 255]
  [225 174 134 255]
  ...
  [226 176 134 255]
  [226 176 134 255]
  [226 176 134 255]]

 ...

 [[226 175 135 255]
  [226 175 135 255]
  [226 175 135 255]
  ...
  [225 175 132 255]
  [225 175 132 255]
  [225 175 132 255]]

 [[226 175 135 255]
  [226 175 135 255]
  [226 175 135 255]
  ...
  [225 174 131 255]
  [225 174 131 255]
  [225 174 131 255]]

 [[226 175 135 255]
  [226 175 135 255]
  [226 175 135 255]
  ...
  [226 174 131 255]
  [226 174 130 255]
  [226 174 130 255]]]"
15,"[[[226 171 126 255]
  [226 171 126 255]
  [226 171 126 255]
  ...
  [213 161 117 255]
  [213 161 117 255]
  [212 160 116 255]]

 [[226 171 126 255]
  [226 171 126 255]
  [226 171 126 255]
  ...
  [213 161 117 255]
  [213 161 117 255]
  [213 161 117 255]]

 [[226 171 126 255]
  [226 171 126 255]
  [226 171 126 255]
  ...
  [213 161 117 255]
  [213 161 117 255]
  [213 161 117 255]]

 ...

 [[219 164 120 255]
  [219 164 120 255]
  [219 164 120 255]
  ...
  [211 159 115 255]
  [211 159 115 255]
  [210 158 114 255]]

 [[219 164 120 255]
  [219 164 120 255]
  [219 164 120 255]
  ...
  [211 159 115 255]
  [211 159 115 255]
  [210 158 114 255]]

 [[219 164 120 255]
  [219 164 120 255]
  [219 164 120 255]
  ...
  [211 159 115 255]
  [211 159 115 255]
  [210 158 114 255]]]"
16,"[[[228 171 124 255]
  [228 171 124 255]
  [228 171 124 255]
  ...
  [217 162 118 255]
  [217 162 118 255]
  [217 162 119 255]]

 [[228 171 124 255]
  [228 171 124 255]
  [227 170 123 255]
  ...
  [217 162 118 255]
  [217 162 118 255]
  [217 162 119 255]]

 [[228 171 124 255]
  [228 171 124 255]
  [227 170 123 255]
  ...
  [217 162 118 255]
  [217 162 118 255]
  [217 162 119 255]]

 ...

 [[222 164 120 255]
  [222 164 120 255]
  [222 164 120 255]
  ...
  [215 160 117 255]
  [214 159 116 255]
  [213 158 115 255]]

 [[222 164 120 255]
  [222 164 120 255]
  [222 164 120 255]
  ...
  [215 160 117 255]
  [214 159 116 255]
  [214 159 116 255]]

 [[222 164 120 255]
  [222 164 120 255]
  [222 164 120 255]
  ...
  [215 160 117 255]
  [215 160 117 255]
  [214 159 116 255]]]"
17,"[[[206 168 130 255]
  [206 168 130 255]
  [206 168 130 255]
  ...
  [206 168 130 255]
  [206 168 130 255]
  [206 168 130 255]]

 [[206 168 130 255]
  [206 168 130 255]
  [206 168 130 255]
  ...
  [206 168 130 255]
  [206 168 130 255]
  [206 168 130 255]]

 [[206 168 130 255]
  [206 168 130 255]
  [206 168 130 255]
  ...
  [206 168 130 255]
  [206 168 130 255]
  [206 168 130 255]]

 ...

 [[204 166 128 255]
  [204 166 128 255]
  [204 166 128 255]
  ...
  [205 166 130 255]
  [205 166 130 255]
  [205 166 130 255]]

 [[204 166 128 255]
  [204 166 128 255]
  [204 166 128 255]
  ...
  [205 166 130 255]
  [205 166 130 255]
  [205 166 130 255]]

 [[204 165 129 255]
  [204 165 129 255]
  [204 165 129 255]
  ...
  [204 165 129 255]
  [204 165 129 255]
  [204 165 129 255]]]"
18,"[[[213 157 117 255]
  [213 157 117 255]
  [213 157 117 255]
  ...
  [209 155 114 255]
  [209 155 114 255]
  [209 155 114 255]]

 [[213 157 117 255]
  [213 157 117 255]
  [213 157 117 255]
  ...
  [209 155 114 255]
  [209 155 114 255]
  [209 155 114 255]]

 [[213 157 117 255]
  [213 157 117 255]
  [213 157 117 255]
  ...
  [209 155 114 255]
  [209 155 114 255]
  [209 155 114 255]]

 ...

 [[209 155 114 255]
  [209 155 114 255]
  [209 155 114 255]
  ...
  [206 154 112 255]
  [206 154 112 255]
  [206 154 112 255]]

 [[209 155 114 255]
  [209 155 114 255]
  [209 155 114 255]
  ...
  [206 154 112 255]
  [206 154 112 255]
  [206 154 112 255]]

 [[209 155 114 255]
  [209 155 114 255]
  [209 155 114 255]
  ...
  [206 154 112 255]
  [206 154 112 255]
  [206 154 112 255]]]"
19,"[[[208 153 111 255]
  [208 153 111 255]
  [208 153 111 255]
  ...
  [206 152 111 255]
  [206 152 111 255]
  [206 152 111 255]]

 [[208 153 111 255]
  [208 153 111 255]
  [208 153 111 255]
  ...
  [206 152 111 255]
  [206 152 111 255]
  [206 152 111 255]]

 [[208 153 111 255]
  [208 153 111 255]
  [208 153 111 255]
  ...
  [206 152 111 255]
  [206 152 111 255]
  [206 152 111 255]]

 ...

 [[200 144 104 255]
  [200 144 105 255]
  [201 145 105 255]
  ...
  [206 150 110 255]
  [206 150 110 255]
  [206 150 110 255]]

 [[200 144 104 255]
  [200 144 105 255]
  [201 145 105 255]
  ...
  [206 150 110 255]
  [206 150 110 255]
  [206 150 110 255]]

 [[200 144 104 255]
  [200 144 104 255]
  [200 144 105 255]
  ...
  [206 150 110 255]
  [206 150 110 255]
  [206 150 110 255]]]"
20,"[[[196 154 111 255]
  [196 154 111 255]
  [196 154 111 255]
  ...
  [198 153 109 255]
  [198 153 109 255]
  [198 153 109 255]]

 [[196 154 111 255]
  [196 154 111 255]
  [196 154 111 255]
  ...
  [198 153 109 255]
  [198 153 109 255]
  [198 153 109 255]]

 [[196 154 111 255]
  [196 154 111 255]
  [196 154 111 255]
  ...
  [198 153 109 255]
  [198 153 109 255]
  [198 153 109 255]]

 ...

 [[195 153 110 255]
  [195 153 110 255]
  [195 153 110 255]
  ...
  [198 153 109 255]
  [198 153 109 255]
  [198 153 109 255]]

 [[195 153 110 255]
  [195 153 110 255]
  [195 153 110 255]
  ...
  [198 153 109 255]
  [198 153 109 255]
  [198 153 109 255]]

 [[195 153 110 255]
  [195 153 110 255]
  [195 153 110 255]
  ...
  [198 153 109 255]
  [198 153 109 255]
  [198 153 109 255]]]"
21,"[[[206 152 111 255]
  [206 152 111 255]
  [206 152 111 255]
  ...
  [213 152 109 255]
  [213 152 109 255]
  [213 152 109 255]]

 [[207 153 112 255]
  [207 153 112 255]
  [207 153 112 255]
  ...
  [213 152 109 255]
  [213 152 109 255]
  [213 152 109 255]]

 [[207 153 112 255]
  [206 152 111 255]
  [206 152 111 255]
  ...
  [213 152 109 255]
  [213 152 109 255]
  [213 152 109 255]]

 ...

 [[212 153 110 255]
  [212 153 110 255]
  [211 152 109 255]
  ...
  [208 149 108 255]
  [208 149 108 255]
  [208 149 108 255]]

 [[211 152 110 255]
  [211 152 109 255]
  [210 151 109 255]
  ...
  [208 149 108 255]
  [208 149 108 255]
  [208 149 108 255]]

 [[211 152 109 255]
  [211 152 109 255]
  [210 151 108 255]
  ...
  [208 149 108 255]
  [208 149 108 255]
  [208 149 108 255]]]"
22,"[[[204 149 107 255]
  [204 149 107 255]
  [204 149 107 255]
  ...
  [202 146 106 255]
  [202 146 106 255]
  [202 146 106 255]]

 [[204 149 107 255]
  [204 149 107 255]
  [204 149 107 255]
  ...
  [202 146 106 255]
  [202 146 106 255]
  [202 146 106 255]]

 [[204 149 107 255]
  [204 149 107 255]
  [204 149 107 255]
  ...
  [202 146 106 255]
  [202 146 106 255]
  [202 146 106 255]]

 ...

 [[201 147 106 255]
  [201 147 106 255]
  [201 147 106 255]
  ...
  [201 147 106 255]
  [201 147 106 255]
  [201 147 106 255]]

 [[201 147 106 255]
  [201 147 106 255]
  [201 147 106 255]
  ...
  [201 147 106 255]
  [201 147 106 255]
  [201 147 106 255]]

 [[201 147 106 255]
  [201 147 106 255]
  [201 147 106 255]
  ...
  [201 147 106 255]
  [201 147 106 255]
  [201 147 106 255]]]"
23,"[[[171 113  71 255]
  [171 113  71 255]
  [171 113  71 255]
  ...
  [170 112  70 255]
  [170 112  70 255]
  [170 112  70 255]]

 [[171 113  71 255]
  [171 113  71 255]
  [171 113  71 255]
  ...
  [170 112  70 255]
  [170 112  70 255]
  [170 112  70 255]]

 [[171 113  71 255]
  [171 113  71 255]
  [171 113  71 255]
  ...
  [170 112  70 255]
  [170 112  70 255]
  [170 112  70 255]]

 ...

 [[170 112  70 255]
  [170 112  70 255]
  [170 112  70 255]
  ...
  [177 118  79 255]
  [177 118  79 255]
  [177 118  79 255]]

 [[170 112  70 255]
  [170 112  70 255]
  [170 112  70 255]
  ...
  [177 118  79 255]
  [178 119  80 255]
  [178 119  80 255]]

 [[170 112  70 255]
  [170 112  70 255]
  [170 112  70 255]
  ...
  [177 118  79 255]
  [178 119  80 255]
  [178 119  80 255]]]"
24,"[[[207 145 101 255]
  [207 145 101 255]
  [207 145 101 255]
  ...
  [202 143 100 255]
  [202 143 100 255]
  [202 143 100 255]]

 [[207 145 101 255]
  [207 145 101 255]
  [207 145 101 255]
  ...
  [202 143 100 255]
  [202 143 100 255]
  [202 143 100 255]]

 [[207 145 101 255]
  [207 145 101 255]
  [207 145 101 255]
  ...
  [202 143 100 255]
  [202 143 100 255]
  [202 143 100 255]]

 ...

 [[205 146 103 255]
  [205 146 103 255]
  [205 146 103 255]
  ...
  [201 142  99 255]
  [201 142  99 255]
  [201 142  99 255]]

 [[205 146 103 255]
  [205 146 103 255]
  [205 146 103 255]
  ...
  [201 142  99 255]
  [201 142  99 255]
  [201 142  99 255]]

 [[205 146 103 255]
  [205 146 103 255]
  [205 146 103 255]
  ...
  [201 142  99 255]
  [201 142  99 255]
  [201 142  99 255]]]"
25,"[[[208 147 104 255]
  [208 147 104 255]
  [208 147 104 255]
  ...
  [208 146 102 255]
  [208 146 102 255]
  [208 146 102 255]]

 [[208 147 104 255]
  [208 147 104 255]
  [208 147 104 255]
  ...
  [208 146 102 255]
  [208 146 102 255]
  [208 146 102 255]]

 [[208 147 104 255]
  [208 147 104 255]
  [208 147 104 255]
  ...
  [208 146 102 255]
  [208 146 102 255]
  [208 146 102 255]]

 ...

 [[208 147 104 255]
  [208 147 104 255]
  [208 147 104 255]
  ...
  [210 147  99 255]
  [210 147  99 255]
  [210 147  99 255]]

 [[208 147 104 255]
  [208 147 104 255]
  [208 147 104 255]
  ...
  [210 147  99 255]
  [210 147  99 255]
  [210 147  99 255]]

 [[208 147 104 255]
  [208 147 104 255]
  [208 147 104 255]
  ...
  [210 147 100 255]
  [210 147 100 255]
  [210 147 100 255]]]"
26,"[[[185 138 100 255]
  [185 138 100 255]
  [185 138 100 255]
  ...
  [182 135  97 255]
  [182 135  97 255]
  [182 135  97 255]]

 [[185 138 100 255]
  [185 138 100 255]
  [185 138 100 255]
  ...
  [182 135  97 255]
  [182 135  97 255]
  [182 135  97 255]]

 [[185 138 100 255]
  [185 138 100 255]
  [185 138 100 255]
  ...
  [182 135  97 255]
  [182 135  97 255]
  [182 135  97 255]]

 ...

 [[183 136  98 255]
  [183 136  98 255]
  [183 136  98 255]
  ...
  [182 135  97 255]
  [182 135  97 255]
  [182 135  97 255]]

 [[183 136  98 255]
  [183 136  98 255]
  [183 136  98 255]
  ...
  [182 135  97 255]
  [182 135  97 255]
  [182 135  97 255]]

 [[183 136  98 255]
  [183 136  98 255]
  [183 136  98 255]
  ...
  [182 135  97 255]
  [182 135  97 255]
  [182 135  97 255]]]"
27,"[[[205 143 105 255]
  [205 143 105 255]
  [205 143 105 255]
  ...
  [196 141 105 255]
  [196 141 105 255]
  [196 141 105 255]]

 [[205 143 105 255]
  [205 143 105 255]
  [205 143 105 255]
  ...
  [196 141 105 255]
  [196 141 105 255]
  [196 141 105 255]]

 [[205 143 105 255]
  [205 143 105 255]
  [205 143 105 255]
  ...
  [196 141 105 255]
  [196 141 105 255]
  [196 141 105 255]]

 ...

 [[206 144 106 255]
  [206 144 106 255]
  [206 144 106 255]
  ...
  [194 141 105 255]
  [194 141 105 255]
  [193 140 104 255]]

 [[206 144 106 255]
  [206 144 106 255]
  [206 144 106 255]
  ...
  [194 141 105 255]
  [194 141 105 255]
  [193 140 104 255]]

 [[206 144 106 255]
  [206 144 106 255]
  [206 144 106 255]
  ...
  [194 141 105 255]
  [194 141 105 255]
  [193 140 104 255]]]"
28,"[[[198 139  96 255]
  [198 139  96 255]
  [198 139  96 255]
  ...
  [198 137  95 255]
  [198 137  95 255]
  [198 137  95 255]]

 [[198 139  96 255]
  [198 139  96 255]
  [198 139  96 255]
  ...
  [198 137  95 255]
  [198 137  95 255]
  [198 137  95 255]]

 [[198 139  96 255]
  [198 139  96 255]
  [198 139  96 255]
  ...
  [198 137  95 255]
  [198 137  95 255]
  [198 137  95 255]]

 ...

 [[197 138  95 255]
  [197 138  95 255]
  [197 138  95 255]
  ...
  [198 137  95 255]
  [198 137  95 255]
  [198 137  95 255]]

 [[197 138  95 255]
  [197 138  95 255]
  [197 138  95 255]
  ...
  [198 137  95 255]
  [198 137  95 255]
  [198 137  95 255]]

 [[197 138  95 255]
  [197 138  95 255]
  [197 138  95 255]
  ...
  [198 137  95 255]
  [198 137  95 255]
  [198 137  95 255]]]"
29,"[[[181 121  83 255]
  [181 121  83 255]
  [181 121  83 255]
  ...
  [180 119  81 255]
  [180 119  81 255]
  [180 119  81 255]]

 [[181 121  83 255]
  [181 121  83 255]
  [181 121  83 255]
  ...
  [180 119  81 255]
  [180 119  81 255]
  [180 119  81 255]]

 [[181 121  83 255]
  [181 121  83 255]
  [181 121  83 255]
  ...
  [180 119  81 255]
  [180 119  81 255]
  [180 119  81 255]]

 ...

 [[184 121  84 255]
  [184 121  84 255]
  [184 121  84 255]
  ...
  [192 124  84 255]
  [193 125  85 255]
  [193 125  85 255]]

 [[184 121  84 255]
  [184 121  84 255]
  [184 121  84 255]
  ...
  [193 125  85 255]
  [193 125  85 255]
  [193 125  85 255]]

 [[184 121  84 255]
  [184 121  84 255]
  [184 121  84 255]
  ...
  [193 125  85 255]
  [193 125  85 255]
  [193 125  85 255]]]"
30,"[[[223 192 166 255]
  [223 192 166 255]
  [223 192 166 255]
  ...
  [223 191 165 255]
  [223 191 165 255]
  [223 191 165 255]]

 [[223 192 166 255]
  [223 192 166 255]
  [223 192 166 255]
  ...
  [223 191 165 255]
  [223 191 165 255]
  [223 191 165 255]]

 [[223 192 166 255]
  [223 192 166 255]
  [223 192 166 255]
  ...
  [223 191 165 255]
  [223 191 165 255]
  [223 191 165 255]]

 ...

 [[223 191 165 255]
  [223 191 165 255]
  [223 191 165 255]
  ...
  [226 194 166 255]
  [226 194 166 255]
  [226 194 166 255]]

 [[223 191 165 255]
  [223 191 165 255]
  [223 191 165 255]
  ...
  [226 194 166 255]
  [226 194 166 255]
  [226 194 166 255]]

 [[223 191 165 255]
  [223 191 165 255]
  [223 191 165 255]
  ...
  [226 194 166 255]
  [226 194 166 255]
  [226 194 166 255]]]"
31,"[[[138  87  54 255]
  [138  87  54 255]
  [137  86  55 255]
  ...
  [131  83  53 255]
  [131  83  53 255]
  [131  83  53 255]]

 [[138  87  54 255]
  [138  87  54 255]
  [136  85  55 255]
  ...
  [131  83  53 255]
  [131  83  53 255]
  [131  83  53 255]]

 [[138  87  54 255]
  [138  87  54 255]
  [136  85  55 255]
  ...
  [131  83  53 255]
  [131  83  53 255]
  [131  83  53 255]]

 ...

 [[133  84  54 255]
  [133  84  54 255]
  [132  84  54 255]
  ...
  [131  83  53 255]
  [131  83  53 255]
  [131  83  53 255]]

 [[133  84  54 255]
  [133  84  54 255]
  [132  84  54 255]
  ...
  [131  83  53 255]
  [131  83  53 255]
  [131  83  53 255]]

 [[133  84  54 255]
  [133  84  54 255]
  [132  84  54 255]
  ...
  [131  83  53 255]
  [131  83  53 255]
  [131  83  53 255]]]"
32,"[[[231 199 176 255]
  [232 200 177 255]
  [232 200 177 255]
  ...
  [234 203 179 255]
  [234 203 179 255]
  [234 203 179 255]]

 [[231 199 176 255]
  [232 200 177 255]
  [232 200 177 255]
  ...
  [234 203 179 255]
  [234 203 179 255]
  [234 203 179 255]]

 [[231 199 176 255]
  [232 200 177 255]
  [232 200 177 255]
  ...
  [234 203 179 255]
  [234 203 179 255]
  [234 203 179 255]]

 ...

 [[233 202 178 255]
  [233 202 178 255]
  [233 202 178 255]
  ...
  [232 201 175 255]
  [232 201 175 255]
  [232 201 175 255]]

 [[233 202 178 255]
  [233 202 178 255]
  [233 202 178 255]
  ...
  [232 201 175 255]
  [232 201 175 255]
  [232 201 175 255]]

 [[233 202 178 255]
  [233 202 178 255]
  [233 202 178 255]
  ...
  [232 201 175 255]
  [232 201 175 255]
  [232 201 175 255]]]"
33,"[[[229 188 160 255]
  [229 188 160 255]
  [229 188 160 255]
  ...
  [234 191 158 255]
  [234 191 158 255]
  [234 191 158 255]]

 [[229 188 160 255]
  [229 188 160 255]
  [229 188 160 255]
  ...
  [234 191 158 255]
  [234 191 158 255]
  [234 191 158 255]]

 [[229 188 160 255]
  [229 188 160 255]
  [229 188 160 255]
  ...
  [234 191 158 255]
  [234 191 158 255]
  [234 191 158 255]]

 ...

 [[232 189 160 255]
  [232 189 160 255]
  [232 189 160 255]
  ...
  [232 189 156 255]
  [232 189 156 255]
  [232 189 156 255]]

 [[232 189 160 255]
  [232 189 160 255]
  [232 189 160 255]
  ...
  [232 189 156 255]
  [232 189 156 255]
  [232 189 156 255]]

 [[232 189 160 255]
  [232 189 160 255]
  [232 189 160 255]
  ...
  [232 189 156 255]
  [232 189 156 255]
  [232 189 156 255]]]"
34,"[[[221 167 133 255]
  [222 168 134 255]
  [221 167 133 255]
  ...
  [212 159 120 255]
  [212 159 120 255]
  [212 159 120 255]]

 [[221 167 133 255]
  [221 167 133 255]
  [220 166 132 255]
  ...
  [212 159 120 255]
  [212 159 120 255]
  [212 159 120 255]]

 [[220 167 132 255]
  [220 166 131 255]
  [219 165 131 255]
  ...
  [212 159 120 255]
  [212 159 120 255]
  [212 159 120 255]]

 ...

 [[213 160 121 255]
  [213 160 121 255]
  [213 160 121 255]
  ...
  [217 165 126 255]
  [217 165 126 255]
  [217 165 126 255]]

 [[213 160 121 255]
  [213 160 121 255]
  [213 160 121 255]
  ...
  [217 165 127 255]
  [217 165 127 255]
  [217 165 127 255]]

 [[213 160 121 255]
  [213 160 121 255]
  [213 160 121 255]
  ...
  [217 165 127 255]
  [217 165 127 255]
  [217 165 127 255]]]"
35,"[[[216 161 118 255]
  [216 161 118 255]
  [216 161 118 255]
  ...
  [211 158 119 255]
  [211 158 119 255]
  [211 158 119 255]]

 [[216 161 118 255]
  [216 161 118 255]
  [216 161 118 255]
  ...
  [211 158 119 255]
  [211 158 119 255]
  [211 158 119 255]]

 [[216 161 118 255]
  [216 161 118 255]
  [216 161 118 255]
  ...
  [211 158 119 255]
  [211 158 119 255]
  [211 158 119 255]]

 ...

 [[213 159 118 255]
  [213 159 118 255]
  [213 159 118 255]
  ...
  [209 158 119 255]
  [209 158 119 255]
  [209 158 119 255]]

 [[213 159 118 255]
  [213 159 118 255]
  [213 159 118 255]
  ...
  [209 158 119 255]
  [209 158 119 255]
  [209 158 119 255]]

 [[213 159 118 255]
  [213 159 118 255]
  [213 159 118 255]
  ...
  [209 158 119 255]
  [209 158 119 255]
  [209 158 119 255]]]"
36,"[[[203 156 123 255]
  [202 155 122 255]
  [203 156 123 255]
  ...
  [203 156 123 255]
  [203 157 124 255]
  [204 158 125 255]]

 [[202 155 122 255]
  [202 155 122 255]
  [203 156 123 255]
  ...
  [203 156 123 255]
  [204 157 124 255]
  [204 158 125 255]]

 [[202 155 122 255]
  [202 155 122 255]
  [203 156 123 255]
  ...
  [204 157 124 255]
  [204 157 125 255]
  [204 158 125 255]]

 ...

 [[203 155 122 255]
  [203 155 122 255]
  [203 155 122 255]
  ...
  [198 151 119 255]
  [199 152 119 255]
  [199 152 119 255]]

 [[203 155 122 255]
  [203 155 122 255]
  [203 155 122 255]
  ...
  [197 150 118 255]
  [198 151 119 255]
  [199 152 119 255]]

 [[203 155 122 255]
  [203 155 122 255]
  [203 155 122 255]
  ...
  [199 152 119 255]
  [199 152 119 255]
  [199 152 119 255]]]"
37,"[[[186 126  88 255]
  [186 126  88 255]
  [186 126  88 255]
  ...
  [182 124  85 255]
  [182 124  85 255]
  [182 124  85 255]]

 [[186 126  88 255]
  [186 126  88 255]
  [186 126  88 255]
  ...
  [182 124  85 255]
  [182 124  85 255]
  [182 124  85 255]]

 [[186 126  88 255]
  [186 126  88 255]
  [186 126  88 255]
  ...
  [182 124  85 255]
  [182 124  85 255]
  [182 124  85 255]]

 ...

 [[182 122  85 255]
  [182 122  85 255]
  [182 122  85 255]
  ...
  [181 122  85 255]
  [181 122  85 255]
  [181 122  85 255]]

 [[182 122  85 255]
  [182 122  85 255]
  [182 122  85 255]
  ...
  [181 122  85 255]
  [181 122  85 255]
  [181 122  85 255]]

 [[182 122  85 255]
  [182 122  85 255]
  [182 122  85 255]
  ...
  [181 122  85 255]
  [181 122  85 255]
  [181 122  85 255]]]"
38,"[[[144  85  57 255]
  [144  85  57 255]
  [144  85  57 255]
  ...
  [140  84  56 255]
  [140  84  56 255]
  [140  84  56 255]]

 [[144  85  56 255]
  [144  85  56 255]
  [144  85  57 255]
  ...
  [140  84  56 255]
  [140  84  56 255]
  [140  84  56 255]]

 [[144  85  55 255]
  [144  85  55 255]
  [144  85  56 255]
  ...
  [140  84  56 255]
  [140  84  56 255]
  [140  84  56 255]]

 ...

 [[141  84  56 255]
  [141  84  56 255]
  [141  84  56 255]
  ...
  [140  84  56 255]
  [140  84  56 255]
  [140  84  56 255]]

 [[141  84  56 255]
  [141  84  56 255]
  [141  84  56 255]
  ...
  [140  84  56 255]
  [140  84  56 255]
  [140  84  56 255]]

 [[141  84  56 255]
  [141  84  56 255]
  [141  84  56 255]
  ...
  [140  84  56 255]
  [140  84  56 255]
  [140  84  56 255]]]"
39,"[[[116  71  50 255]
  [116  71  50 255]
  [116  71  50 255]
  ...
  [115  70  49 255]
  [115  70  49 255]
  [115  70  49 255]]

 [[116  71  50 255]
  [116  71  50 255]
  [116  71  50 255]
  ...
  [115  70  49 255]
  [115  70  49 255]
  [115  70  49 255]]

 [[116  71  50 255]
  [116  71  50 255]
  [116  71  50 255]
  ...
  [115  70  49 255]
  [115  70  49 255]
  [115  70  49 255]]

 ...

 [[115  70  49 255]
  [115  70  49 255]
  [115  70  49 255]
  ...
  [115  70  49 255]
  [115  70  49 255]
  [115  70  49 255]]

 [[115  70  49 255]
  [115  70  49 255]
  [115  70  49 255]
  ...
  [115  70  49 255]
  [115  70  49 255]
  [115  70  49 255]]

 [[115  70  49 255]
  [115  70  49 255]
  [115  70  49 255]
  ...
  [115  70  49 255]
  [115  70  49 255]
  [115  70  49 255]]]"
40,"[[[130  84  54 255]
  [129  83  53 255]
  [129  83  53 255]
  ...
  [130  80  52 255]
  [130  80  52 255]
  [130  80  52 255]]

 [[130  83  53 255]
  [130  82  53 255]
  [130  82  53 255]
  ...
  [130  80  52 255]
  [130  80  52 255]
  [130  80  52 255]]

 [[130  82  53 255]
  [130  82  53 255]
  [130  82  53 255]
  ...
  [130  80  52 255]
  [130  80  52 255]
  [130  80  52 255]]

 ...

 [[128  80  51 255]
  [127  79  50 255]
  [127  79  50 255]
  ...
  [128  78  50 255]
  [128  78  50 255]
  [128  78  50 255]]

 [[128  80  51 255]
  [127  79  50 255]
  [127  79  50 255]
  ...
  [128  78  50 255]
  [128  78  50 255]
  [128  78  50 255]]

 [[128  80  51 255]
  [127  79  50 255]
  [127  79  50 255]
  ...
  [128  78  50 255]
  [128  78  50 255]
  [128  78  50 255]]]"
41,"[[[118  72  41 255]
  [118  72  41 255]
  [118  72  41 255]
  ...
  [115  69  38 255]
  [115  69  38 255]
  [115  69  38 255]]

 [[118  72  41 255]
  [118  72  41 255]
  [118  72  41 255]
  ...
  [115  69  38 255]
  [115  69  38 255]
  [115  69  38 255]]

 [[118  72  41 255]
  [118  72  41 255]
  [118  72  41 255]
  ...
  [115  69  38 255]
  [115  69  38 255]
  [115  69  38 255]]

 ...

 [[117  71  40 255]
  [117  71  40 255]
  [117  71  40 255]
  ...
  [113  67  36 255]
  [113  67  36 255]
  [113  67  36 255]]

 [[117  71  40 255]
  [117  71  40 255]
  [117  71  40 255]
  ...
  [113  67  36 255]
  [113  67  36 255]
  [113  67  36 255]]

 [[117  71  40 255]
  [117  71  40 255]
  [117  71  40 255]
  ...
  [113  67  36 255]
  [113  67  36 255]
  [113  67  36 255]]]"
42,"[[[126  73  50 255]
  [126  73  50 255]
  [126  73  50 255]
  ...
  [122  72  48 255]
  [122  72  48 255]
  [122  72  48 255]]

 [[126  73  50 255]
  [126  73  50 255]
  [126  73  50 255]
  ...
  [122  72  48 255]
  [122  72  48 255]
  [122  72  48 255]]

 [[126  73  50 255]
  [126  73  50 255]
  [126  73  50 255]
  ...
  [122  72  48 255]
  [122  72  48 255]
  [122  72  48 255]]

 ...

 [[125  72  49 255]
  [125  72  49 255]
  [125  72  49 255]
  ...
  [122  72  48 255]
  [122  72  48 255]
  [122  72  48 255]]

 [[125  72  49 255]
  [125  72  49 255]
  [125  72  49 255]
  ...
  [122  72  48 255]
  [122  72  48 255]
  [122  72  48 255]]

 [[125  72  49 255]
  [125  72  49 255]
  [125  72  49 255]
  ...
  [122  72  48 255]
  [122  72  48 255]
  [122  72  48 255]]]"
43,"[[[126  78  51 255]
  [126  78  51 255]
  [126  78  51 255]
  ...
  [125  75  48 255]
  [125  75  47 255]
  [125  75  47 255]]

 [[126  78  51 255]
  [126  78  51 255]
  [126  78  51 255]
  ...
  [125  75  48 255]
  [125  75  47 255]
  [125  75  47 255]]

 [[126  78  51 255]
  [126  78  51 255]
  [126  78  51 255]
  ...
  [125  75  48 255]
  [125  75  47 255]
  [125  75  47 255]]

 ...

 [[121  71  45 255]
  [121  71  45 255]
  [122  72  46 255]
  ...
  [124  74  48 255]
  [124  74  48 255]
  [124  74  48 255]]

 [[121  71  45 255]
  [121  71  45 255]
  [121  71  45 255]
  ...
  [124  74  48 255]
  [124  74  48 255]
  [124  74  48 255]]

 [[121  71  45 255]
  [121  71  45 255]
  [121  71  45 255]
  ...
  [124  74  48 255]
  [124  74  48 255]
  [124  74  48 255]]]"
44,"[[[ 73  42  28 255]
  [ 73  42  28 255]
  [ 73  42  28 255]
  ...
  [ 71  41  26 255]
  [ 71  40  26 255]
  [ 71  40  26 255]]

 [[ 73  42  28 255]
  [ 73  42  28 255]
  [ 74  43  29 255]
  ...
  [ 71  41  26 255]
  [ 71  40  26 255]
  [ 71  40  26 255]]

 [[ 73  42  28 255]
  [ 74  43  29 255]
  [ 74  43  29 255]
  ...
  [ 70  41  26 255]
  [ 71  41  26 255]
  [ 71  41  26 255]]

 ...

 [[ 72  41  27 255]
  [ 72  41  27 255]
  [ 73  42  28 255]
  ...
  [ 70  40  25 255]
  [ 69  40  25 255]
  [ 69  40  25 255]]

 [[ 71  40  26 255]
  [ 70  39  25 255]
  [ 72  41  27 255]
  ...
  [ 70  40  25 255]
  [ 69  40  25 255]
  [ 69  40  25 255]]

 [[ 71  40  26 255]
  [ 72  41  27 255]
  [ 73  42  28 255]
  ...
  [ 69  39  24 255]
  [ 68  39  24 255]
  [ 68  39  24 255]]]"
45,"[[[ 56  31  21 255]
  [ 56  31  21 255]
  [ 56  31  21 255]
  ...
  [ 56  31  21 255]
  [ 56  31  22 255]
  [ 56  31  22 255]]

 [[ 56  31  21 255]
  [ 56  31  21 255]
  [ 56  31  21 255]
  ...
  [ 56  31  21 255]
  [ 56  31  22 255]
  [ 56  31  22 255]]

 [[ 56  31  21 255]
  [ 56  31  21 255]
  [ 56  31  21 255]
  ...
  [ 56  31  21 255]
  [ 56  31  22 255]
  [ 56  31  22 255]]

 ...

 [[ 55  30  20 255]
  [ 55  30  20 255]
  [ 55  30  20 255]
  ...
  [ 55  30  20 255]
  [ 55  30  20 255]
  [ 55  30  20 255]]

 [[ 55  30  20 255]
  [ 55  30  20 255]
  [ 55  30  20 255]
  ...
  [ 55  30  20 255]
  [ 55  30  20 255]
  [ 55  30  20 255]]

 [[ 55  30  20 255]
  [ 55  30  20 255]
  [ 55  30  20 255]
  ...
  [ 55  30  20 255]
  [ 55  30  20 255]
  [ 55  30  20 255]]]"
