,maybelline_ind
0,"[[[248 213 188 255]
  [247 212 187 255]
  [247 213 186 255]
  ...
  [224 188 158 255]
  [224 188 158 255]
  [226 188 160 255]]

 [[248 213 188 255]
  [247 212 187 255]
  [247 212 185 255]
  ...
  [224 188 158 255]
  [224 188 158 255]
  [226 188 160 255]]

 [[248 213 188 255]
  [247 212 187 255]
  [247 212 185 255]
  ...
  [226 188 159 255]
  [226 188 159 255]
  [226 188 160 255]]

 ...

 [[248 211 185 255]
  [247 210 184 255]
  [247 210 184 255]
  ...
  [240 201 175 255]
  [240 201 176 255]
  [241 203 175 255]]

 [[248 211 185 255]
  [247 210 184 255]
  [247 210 184 255]
  ...
  [240 202 174 255]
  [240 202 175 255]
  [241 203 175 255]]

 [[248 211 185 255]
  [248 211 185 255]
  [246 210 184 255]
  ...
  [240 202 173 255]
  [241 203 175 255]
  [242 203 176 255]]]"
1,"[[[239 213 181 255]
  [239 213 181 255]
  [239 213 181 255]
  ...
  [223 184 149 255]
  [223 184 148 255]
  [222 184 147 255]]

 [[239 213 181 255]
  [239 213 181 255]
  [239 213 181 255]
  ...
  [224 185 151 255]
  [223 184 149 255]
  [222 184 148 255]]

 [[239 213 181 255]
  [239 213 181 255]
  [239 213 181 255]
  ...
  [224 185 151 255]
  [223 184 149 255]
  [223 184 147 255]]

 ...

 [[237 209 178 255]
  [237 209 178 255]
  [237 209 178 255]
  ...
  [231 203 172 255]
  [231 203 172 255]
  [231 203 172 255]]

 [[237 209 178 255]
  [237 209 178 255]
  [237 209 178 255]
  ...
  [231 203 172 255]
  [231 203 172 255]
  [231 203 172 255]]

 [[237 209 178 255]
  [237 209 178 255]
  [237 209 178 255]
  ...
  [231 203 172 255]
  [231 203 172 255]
  [231 203 172 255]]]"
2,"[[[231 202 177 255]
  [231 202 177 255]
  [231 202 177 255]
  ...
  [219 181 153 255]
  [219 181 153 255]
  [219 181 153 255]]

 [[231 202 177 255]
  [231 202 177 255]
  [231 202 177 255]
  ...
  [219 181 153 255]
  [219 181 153 255]
  [219 181 153 255]]

 [[231 202 177 255]
  [231 202 177 255]
  [231 202 177 255]
  ...
  [219 181 153 255]
  [219 181 153 255]
  [219 181 153 255]]

 ...

 [[230 201 176 255]
  [230 201 176 255]
  [230 201 176 255]
  ...
  [223 194 167 255]
  [223 194 167 255]
  [223 194 167 255]]

 [[230 201 176 255]
  [230 201 176 255]
  [230 201 176 255]
  ...
  [223 194 167 255]
  [223 194 167 255]
  [223 194 167 255]]

 [[230 201 176 255]
  [230 201 176 255]
  [230 201 176 255]
  ...
  [224 193 167 255]
  [224 193 167 255]
  [224 193 167 255]]]"
3,"[[[242 201 164 255]
  [241 200 163 255]
  [240 200 163 255]
  ...
  [232 183 139 255]
  [232 183 138 255]
  [232 183 138 255]]

 [[242 201 164 255]
  [241 200 163 255]
  [240 200 163 255]
  ...
  [232 183 138 255]
  [232 183 138 255]
  [232 183 138 255]]

 [[242 201 164 255]
  [241 200 163 255]
  [240 200 163 255]
  ...
  [232 183 138 255]
  [232 184 136 255]
  [232 184 136 255]]

 ...

 [[239 199 159 255]
  [240 199 159 255]
  [241 199 159 255]
  ...
  [231 183 143 255]
  [231 183 143 255]
  [231 183 143 255]]

 [[239 199 159 255]
  [240 199 159 255]
  [241 199 159 255]
  ...
  [231 184 143 255]
  [231 184 143 255]
  [231 184 143 255]]

 [[239 199 159 255]
  [240 199 159 255]
  [241 199 159 255]
  ...
  [232 184 144 255]
  [232 184 144 255]
  [232 184 144 255]]]"
4,"[[[236 203 178 255]
  [236 203 178 255]
  [236 203 178 255]
  ...
  [221 184 160 255]
  [221 184 160 255]
  [221 184 159 255]]

 [[236 203 178 255]
  [236 203 178 255]
  [236 203 178 255]
  ...
  [221 184 160 255]
  [221 184 160 255]
  [221 184 159 255]]

 [[236 203 178 255]
  [236 203 178 255]
  [236 203 178 255]
  ...
  [221 184 160 255]
  [221 184 160 255]
  [221 184 159 255]]

 ...

 [[234 201 176 255]
  [234 201 176 255]
  [234 201 176 255]
  ...
  [221 188 163 255]
  [222 187 163 255]
  [223 188 163 255]]

 [[234 201 175 255]
  [234 201 175 255]
  [234 201 175 255]
  ...
  [221 188 163 255]
  [222 187 163 255]
  [223 188 163 255]]

 [[234 201 175 255]
  [235 200 175 255]
  [235 200 175 255]
  ...
  [222 187 163 255]
  [222 187 163 255]
  [223 187 163 255]]]"
5,"[[[227 185 135 255]
  [227 185 135 255]
  [227 185 135 255]
  ...
  [205 161 110 255]
  [205 161 110 255]
  [204 160 110 255]]

 [[226 184 134 255]
  [226 184 134 255]
  [226 184 134 255]
  ...
  [206 162 112 255]
  [206 162 111 255]
  [204 160 110 255]]

 [[226 184 134 255]
  [226 184 134 255]
  [226 184 134 255]
  ...
  [206 162 112 255]
  [206 162 111 255]
  [204 160 110 255]]

 ...

 [[226 182 133 255]
  [226 182 133 255]
  [225 181 132 255]
  ...
  [213 169 120 255]
  [214 170 121 255]
  [215 171 122 255]]

 [[226 182 133 255]
  [226 182 133 255]
  [225 181 132 255]
  ...
  [213 169 120 255]
  [214 170 121 255]
  [215 171 122 255]]

 [[226 182 133 255]
  [226 182 133 255]
  [225 181 132 255]
  ...
  [214 170 121 255]
  [215 171 122 255]
  [216 172 123 255]]]"
6,"[[[226 176 133 255]
  [226 175 132 255]
  [226 175 132 255]
  ...
  [208 157 115 255]
  [208 157 114 255]
  [208 157 114 255]]

 [[226 176 133 255]
  [226 175 132 255]
  [226 175 132 255]
  ...
  [208 157 115 255]
  [208 157 114 255]
  [208 157 114 255]]

 [[226 176 133 255]
  [226 175 132 255]
  [226 175 132 255]
  ...
  [208 157 114 255]
  [208 157 114 255]
  [208 157 114 255]]

 ...

 [[224 173 130 255]
  [224 173 130 255]
  [225 174 131 255]
  ...
  [211 160 118 255]
  [211 160 118 255]
  [211 160 118 255]]

 [[224 173 130 255]
  [224 173 130 255]
  [225 174 131 255]
  ...
  [211 160 118 255]
  [211 160 118 255]
  [211 160 118 255]]

 [[224 173 131 255]
  [224 173 130 255]
  [225 174 131 255]
  ...
  [211 160 118 255]
  [211 160 118 255]
  [211 160 118 255]]]"
7,"[[[235 203 159 255]
  [235 203 159 255]
  [234 202 159 255]
  ...
  [220 180 136 255]
  [219 178 134 255]
  [218 177 133 255]]

 [[234 202 159 255]
  [234 202 159 255]
  [234 202 159 255]
  ...
  [220 180 135 255]
  [219 179 134 255]
  [218 178 133 255]]

 [[234 202 159 255]
  [234 202 159 255]
  [234 202 159 255]
  ...
  [220 180 135 255]
  [219 180 135 255]
  [218 178 133 255]]

 ...

 [[233 201 158 255]
  [233 201 158 255]
  [232 200 157 255]
  ...
  [223 187 145 255]
  [224 188 146 255]
  [224 188 146 255]]

 [[233 201 158 255]
  [233 201 158 255]
  [232 200 157 255]
  ...
  [224 188 146 255]
  [224 188 146 255]
  [224 188 146 255]]

 [[233 201 158 255]
  [233 201 158 255]
  [232 200 157 255]
  ...
  [224 188 146 255]
  [224 188 146 255]
  [224 188 146 255]]]"
8,"[[[198 148 111 255]
  [198 148 111 255]
  [198 148 111 255]
  ...
  [176 126  89 255]
  [176 126  89 255]
  [176 126  89 255]]

 [[198 148 111 255]
  [198 148 111 255]
  [198 148 111 255]
  ...
  [176 126  89 255]
  [176 126  89 255]
  [176 126  89 255]]

 [[197 147 110 255]
  [197 147 110 255]
  [197 147 110 255]
  ...
  [176 126  89 255]
  [176 126  89 255]
  [176 126  89 255]]

 ...

 [[193 143 106 255]
  [191 142 104 255]
  [192 142 105 255]
  ...
  [187 137 100 255]
  [187 137 100 255]
  [187 137 100 255]]

 [[194 144 107 255]
  [192 142 105 255]
  [193 143 106 255]
  ...
  [187 137 100 255]
  [187 137 100 255]
  [187 137 100 255]]

 [[193 143 106 255]
  [193 143 106 255]
  [193 143 106 255]
  ...
  [187 136  99 255]
  [187 137 100 255]
  [187 137 100 255]]]"
9,"[[[219 179 142 255]
  [218 178 141 255]
  [217 177 140 255]
  ...
  [202 163 126 255]
  [201 163 126 255]
  [201 162 125 255]]

 [[219 179 142 255]
  [218 177 141 255]
  [217 177 140 255]
  ...
  [202 163 126 255]
  [201 163 126 255]
  [201 162 125 255]]

 [[218 178 141 255]
  [217 176 140 255]
  [216 176 139 255]
  ...
  [202 163 126 255]
  [201 163 126 255]
  [201 162 125 255]]

 ...

 [[215 174 138 255]
  [215 174 138 255]
  [216 175 139 255]
  ...
  [201 162 125 255]
  [201 162 125 255]
  [201 162 125 255]]

 [[215 175 138 255]
  [216 175 138 255]
  [216 176 139 255]
  ...
  [201 162 125 255]
  [201 162 125 255]
  [201 162 125 255]]

 [[216 175 139 255]
  [216 176 139 255]
  [217 176 140 255]
  ...
  [202 163 126 255]
  [202 163 126 255]
  [202 163 126 255]]]"
10,"[[[210 175 137 255]
  [210 176 135 255]
  [210 176 135 255]
  ...
  [201 157 118 255]
  [201 157 118 255]
  [201 157 118 255]]

 [[210 175 137 255]
  [210 175 136 255]
  [210 175 136 255]
  ...
  [201 157 118 255]
  [201 157 118 255]
  [201 157 118 255]]

 [[210 175 137 255]
  [210 175 137 255]
  [210 175 137 255]
  ...
  [201 157 118 255]
  [201 157 118 255]
  [201 157 118 255]]

 ...

 [[210 173 135 255]
  [210 173 135 255]
  [210 173 135 255]
  ...
  [207 165 125 255]
  [207 165 125 255]
  [207 165 125 255]]

 [[210 173 135 255]
  [210 173 135 255]
  [210 173 135 255]
  ...
  [207 165 125 255]
  [207 165 125 255]
  [207 165 125 255]]

 [[209 172 134 255]
  [209 172 134 255]
  [209 172 134 255]
  ...
  [207 165 125 255]
  [207 165 125 255]
  [207 165 125 255]]]"
11,"[[[232 184 138 255]
  [232 184 138 255]
  [232 183 138 255]
  ...
  [223 167 120 255]
  [223 167 120 255]
  [223 167 120 255]]

 [[232 184 138 255]
  [232 183 138 255]
  [232 183 138 255]
  ...
  [223 167 121 255]
  [223 167 121 255]
  [223 167 121 255]]

 [[232 183 138 255]
  [232 183 138 255]
  [232 183 138 255]
  ...
  [223 167 121 255]
  [223 167 121 255]
  [223 167 121 255]]

 ...

 [[232 183 138 255]
  [232 183 138 255]
  [231 182 137 255]
  ...
  [225 177 128 255]
  [225 177 128 255]
  [227 178 129 255]]

 [[232 183 138 255]
  [232 183 138 255]
  [231 182 137 255]
  ...
  [226 178 129 255]
  [226 178 129 255]
  [226 178 129 255]]

 [[232 183 138 255]
  [232 183 138 255]
  [231 182 137 255]
  ...
  [226 178 129 255]
  [226 178 129 255]
  [226 178 129 255]]]"
12,"[[[216 174 136 255]
  [216 174 136 255]
  [217 173 136 255]
  ...
  [188 146 108 255]
  [188 145 108 255]
  [186 143 106 255]]

 [[216 173 135 255]
  [216 174 136 255]
  [217 173 136 255]
  ...
  [188 145 108 255]
  [187 145 107 255]
  [186 144 106 255]]

 [[216 173 135 255]
  [216 174 136 255]
  [217 173 136 255]
  ...
  [187 145 107 255]
  [187 145 107 255]
  [187 145 107 255]]

 ...

 [[213 171 131 255]
  [213 171 131 255]
  [213 171 131 255]
  ...
  [202 160 122 255]
  [202 160 122 255]
  [202 160 122 255]]

 [[213 171 131 255]
  [213 171 131 255]
  [213 171 131 255]
  ...
  [202 160 122 255]
  [202 160 122 255]
  [202 160 122 255]]

 [[212 170 130 255]
  [212 170 130 255]
  [212 170 130 255]
  ...
  [202 160 122 255]
  [202 160 122 255]
  [202 160 122 255]]]"
13,"[[[212 166 128 255]
  [211 165 126 255]
  [210 164 126 255]
  ...
  [187 140 102 255]
  [187 141 100 255]
  [187 141 100 255]]

 [[212 166 128 255]
  [211 165 126 255]
  [210 164 125 255]
  ...
  [187 140 102 255]
  [187 141 100 255]
  [187 141 100 255]]

 [[212 166 128 255]
  [211 165 126 255]
  [210 164 125 255]
  ...
  [187 140 102 255]
  [187 141 100 255]
  [187 141 100 255]]

 ...

 [[207 161 122 255]
  [207 161 122 255]
  [207 161 123 255]
  ...
  [194 148 111 255]
  [194 148 111 255]
  [194 148 110 255]]

 [[207 161 122 255]
  [207 161 122 255]
  [207 161 123 255]
  ...
  [194 148 112 255]
  [194 148 112 255]
  [194 148 110 255]]

 [[207 161 123 255]
  [207 161 123 255]
  [207 161 122 255]
  ...
  [195 149 111 255]
  [195 149 111 255]
  [195 149 112 255]]]"
14,"[[[220 169 128 255]
  [220 169 128 255]
  [220 169 128 255]
  ...
  [198 148 111 255]
  [198 148 111 255]
  [198 148 111 255]]

 [[220 169 128 255]
  [220 169 128 255]
  [220 169 128 255]
  ...
  [198 148 111 255]
  [198 148 111 255]
  [198 148 111 255]]

 [[220 169 128 255]
  [220 169 128 255]
  [220 169 128 255]
  ...
  [198 148 111 255]
  [198 148 111 255]
  [198 148 111 255]]

 ...

 [[218 167 126 255]
  [218 167 126 255]
  [218 167 126 255]
  ...
  [200 150 113 255]
  [200 150 113 255]
  [200 150 113 255]]

 [[218 167 126 255]
  [218 167 126 255]
  [218 167 126 255]
  ...
  [201 151 113 255]
  [201 151 113 255]
  [201 151 113 255]]

 [[218 167 126 255]
  [218 167 126 255]
  [217 166 125 255]
  ...
  [201 152 114 255]
  [202 152 115 255]
  [202 152 115 255]]]"
15,"[[[199 148 109 255]
  [197 146 107 255]
  [196 145 107 255]
  ...
  [170 122  88 255]
  [170 121  88 255]
  [170 121  88 255]]

 [[198 147 108 255]
  [197 146 107 255]
  [196 145 107 255]
  ...
  [170 122  88 255]
  [170 122  88 255]
  [170 122  88 255]]

 [[198 147 108 255]
  [197 146 107 255]
  [196 145 107 255]
  ...
  [170 122  88 255]
  [170 122  88 255]
  [170 122  88 255]]

 ...

 [[194 144 105 255]
  [194 144 105 255]
  [194 144 105 255]
  ...
  [181 132  97 255]
  [181 133  97 255]
  [182 134  97 255]]

 [[194 144 105 255]
  [194 144 105 255]
  [194 144 105 255]
  ...
  [181 132  97 255]
  [181 133  97 255]
  [182 134  97 255]]

 [[194 144 105 255]
  [194 144 105 255]
  [194 144 105 255]
  ...
  [181 132  97 255]
  [181 133  97 255]
  [182 134  97 255]]]"
16,"[[[229 155  92 255]
  [229 155  93 255]
  [229 155  93 255]
  ...
  [201 126  72 255]
  [200 125  71 255]
  [200 125  71 255]]

 [[229 155  92 255]
  [229 155  93 255]
  [228 154  93 255]
  ...
  [200 125  71 255]
  [199 124  70 255]
  [199 124  70 255]]

 [[229 155  92 255]
  [229 155  93 255]
  [228 154  93 255]
  ...
  [200 125  72 255]
  [199 124  71 255]
  [199 124  71 255]]

 ...

 [[222 151  91 255]
  [222 151  91 255]
  [222 151  91 255]
  ...
  [209 138  82 255]
  [210 139  83 255]
  [210 139  83 255]]

 [[220 149  89 255]
  [220 149  89 255]
  [220 149  89 255]
  ...
  [209 138  82 255]
  [210 139  83 255]
  [210 139  83 255]]

 [[220 149  89 255]
  [220 149  89 255]
  [220 149  89 255]
  ...
  [209 138  82 255]
  [210 139  83 255]
  [210 139  83 255]]]"
17,"[[[190 132  86 255]
  [190 132  86 255]
  [190 132  86 255]
  ...
  [161 107  61 255]
  [161 107  61 255]
  [161 106  61 255]]

 [[190 132  86 255]
  [190 132  86 255]
  [190 131  86 255]
  ...
  [161 107  61 255]
  [161 107  61 255]
  [161 107  61 255]]

 [[190 132  86 255]
  [189 130  85 255]
  [188 130  85 255]
  ...
  [161 107  61 255]
  [161 107  61 255]
  [161 107  61 255]]

 ...

 [[183 128  82 255]
  [183 129  82 255]
  [184 130  83 255]
  ...
  [169 115  69 255]
  [169 115  69 255]
  [170 116  70 255]]

 [[182 128  82 255]
  [183 129  82 255]
  [184 130  83 255]
  ...
  [170 116  70 255]
  [170 116  70 255]
  [170 116  70 255]]

 [[182 128  81 255]
  [182 128  81 255]
  [182 128  81 255]
  ...
  [170 116  70 255]
  [170 116  70 255]
  [171 116  70 255]]]"
